{"acc": 0.97264999996821089, "loss": 0.092168398495515183, "label": "cnn", "val_acc": 0.98429999999999995, "type": "hdf5", "val_loss": 0.048106690474599603}