{"acc": 0.97998333336512244, "loss": 0.066488388649622601, "label": "cnn", "val_acc": 0.98780000000000001, "type": "hdf5", "val_loss": 0.036022197641525415}