{"acc": 0.97676666663487755, "loss": 0.078213438461224236, "label": "cnn", "val_acc": 0.98670000000000002, "type": "hdf5", "val_loss": 0.040559956634929402}