{"acc": 0.8863500000317891, "loss": 0.36861114317178728, "label": "cnn", "val_acc": 0.97240000000000004, "type": "hdf5", "val_loss": 0.086780774101987479}