{"acc": 0.96371666666666667, "loss": 0.12586271766026816, "label": "cnn", "val_acc": 0.9819, "type": "hdf5", "val_loss": 0.055739683966711161}